{
  "learning_starting": 50,
  "learning_current": 1622.3298947150417,
  "adjustable_starting": 2900,
  "adjustable_current": 3562.1949570441525,
  "accumulated_taxes_learning": 0,
  "accumulated_taxes_adjustable": 0,
  "last_daily_gross_learning": 0,
  "last_daily_net_learning": 0,
  "last_daily_gross_adjustable": 0,
  "last_daily_net_adjustable": 0,
  "last_tax_time_learning": 1754251314299,
  "last_tax_time_adjustable": 1754251314299,
  "last_balance_learning": 50,
  "last_balance_adjustable": 2900,
  "last_daily_profit_learning": 1602.3298947150408,
  "last_daily_gas_learning": 29.999999999999893,
  "last_daily_tax_learning": 0,
  "last_daily_profit_adjustable": 107084.33744487003,
  "last_daily_gas_adjustable": 3938.1000000016575,
  "last_daily_tax_adjustable": 0,
  "last_loss_time_adjustable": 1755246885164,
  "last_balance_snapshot_adjustable": 2900,
  "num_loss_trades_remaining": 16,
  "loss_per_trade": 392.8502175501622,
  "next_loss_time": 1755249021750.419,
  "loss_interval_ms": 765915.4804614915,
  "total_turnover_learning": 1572.3298947150417,
  "total_turnover_adjustable": 58322.76265646628,
  "daily_turnover_learning": 628,
  "daily_turnover_adjustable": 55102,
  "last_rollover_time": 1754420411588,
  "last_session_turnover": 349.9858343507658,
  "wallet_gross_eur": 11031.282628275218,
  "wallet_net_eur": 2920.2528579760983
}